id,predicted
2_trans_497.csv,550
2_trans_483.csv,1093
2_trans_2396.csv,861
2_trans_1847.csv,1093
2_trans_2382.csv,488
2_trans_2369.csv,734
2_trans_454.csv,658
2_trans_1660.csv,533
2_trans_332.csv,713
2_trans_326.csv,496
2_trans_440.csv,662
2_trans_1884.csv,515
2_trans_2355.csv,477
2_trans_468.csv,1093
2_trans_2433.csv,460
2_trans_2427.csv,785
2_trans_2341.csv,673
2_trans_2816.csv,1093
2_trans_695.csv,491
2_trans_27.csv,830
2_trans_859.csv,589
2_trans_681.csv,750
2_trans_2802.csv,1093
2_trans_2194.csv,608
2_trans_2180.csv,515
2_trans_865.csv,498
2_trans_1489.csv,501
2_trans_130.csv,1093
2_trans_1304.csv,1093
2_trans_656.csv,1093
2_trans_642.csv,560
2_trans_1310.csv,497
2_trans_124.csv,840
2_trans_2157.csv,559
2_trans_2143.csv,1093
2_trans_118.csv,644
2_trans_2962.csv,1093
2_trans_2976.csv,1093
2_trans_2786.csv,1093
2_trans_905.csv,725
2_trans_911.csv,529
2_trans_2792.csv,777
2_trans_2779.csv,567
2_trans_1270.csv,612
2_trans_1516.csv,499
2_trans_736.csv,1093
2_trans_1502.csv,1093
2_trans_1264.csv,567
2_trans_2745.csv,1039
2_trans_2023.csv,1093
2_trans_2037.csv,528
2_trans_2989.csv,1093
2_trans_2751.csv,1093
2_trans_291.csv,1093
2_trans_2584.csv,487
2_trans_2590.csv,716
2_trans_1099.csv,537
2_trans_520.csv,1093
2_trans_1714.csv,495
2_trans_1072.csv,558
2_trans_246.csv,504
2_trans_252.csv,1093
2_trans_1066.csv,539
2_trans_1728.csv,758
2_trans_2553.csv,559
2_trans_508.csv,1005
2_trans_2235.csv,939
2_trans_2552.csv,1093
2_trans_2234.csv,511
2_trans_509.csv,475
2_trans_1067.csv,1093
2_trans_253.csv,865
2_trans_535.csv,601
2_trans_1715.csv,1093
2_trans_521.csv,787
2_trans_1073.csv,742
2_trans_1098.csv,1093
2_trans_2585.csv,591
2_trans_290.csv,824
2_trans_284.csv,507
2_trans_2036.csv,551
2_trans_2750.csv,1093
2_trans_2988.csv,811
2_trans_2022.csv,1093
2_trans_737.csv,531
2_trans_1265.csv,528
2_trans_1271.csv,442
2_trans_2778.csv,503
2_trans_723.csv,502
2_trans_1517.csv,773
2_trans_910.csv,907
2_trans_2793.csv,721
2_trans_904.csv,490
2_trans_2963.csv,1093
2_trans_2624.csv,862
2_trans_2630.csv,1093
2_trans_1339.csv,802
2_trans_1477.csv,615
2_trans_643.csv,1093
2_trans_2618.csv,599
2_trans_1311.csv,525
2_trans_1305.csv,582
2_trans_131.csv,527
2_trans_657.csv,1093
2_trans_1463.csv,928
2_trans_1488.csv,579
2_trans_870.csv,1093
2_trans_2195.csv,615
2_trans_858.csv,457
2_trans_32.csv,799
2_trans_2803.csv,433
2_trans_2817.csv,1093
2_trans_26.csv,1093
2_trans_694.csv,744
2_trans_2426.csv,657
2_trans_1649.csv,511
2_trans_2340.csv,1093
2_trans_469.csv,551
2_trans_2354.csv,1093
2_trans_1885.csv,507
2_trans_1113.csv,566
2_trans_441.csv,549
2_trans_1675.csv,592
2_trans_1661.csv,565
2_trans_333.csv,554
2_trans_1107.csv,1093
2_trans_2383.csv,934
2_trans_1846.csv,581
2_trans_2397.csv,1093
2_trans_480.csv,881
2_trans_1878.csv,539
2_trans_494.csv,599
2_trans_1850.csv,1093
2_trans_2381.csv,483
2_trans_1844.csv,440
2_trans_1677.csv,559
2_trans_443.csv,520
2_trans_325.csv,499
2_trans_2418.csv,872
2_trans_457.csv,789
2_trans_2342.csv,843
2_trans_1893.csv,1093
2_trans_319.csv,491
2_trans_2424.csv,480
2_trans_1887.csv,1093
2_trans_2356.csv,871
2_trans_2801.csv,1093
2_trans_30.csv,1093
2_trans_24.csv,642
2_trans_2183.csv,503
2_trans_866.csv,563
2_trans_18.csv,467
2_trans_2829.csv,1093
2_trans_1313.csv,497
2_trans_127.csv,1093
2_trans_1461.csv,1093
2_trans_655.csv,459
2_trans_2168.csv,1093
2_trans_133.csv,711
2_trans_1307.csv,1093
2_trans_2626.csv,496
2_trans_1449.csv,486
2_trans_2140.csv,1093
2_trans_669.csv,443
2_trans_2154.csv,590
2_trans_2632.csv,726
2_trans_2961.csv,564
2_trans_1298.csv,478
2_trans_2791.csv,1093
2_trans_912.csv,1093
2_trans_906.csv,1093
2_trans_1267.csv,500
2_trans_735.csv,584
2_trans_1501.csv,695
2_trans_2752.csv,1093
2_trans_2034.csv,896
2_trans_709.csv,509
2_trans_2020.csv,512
2_trans_1529.csv,475
2_trans_2746.csv,431
2_trans_1918.csv,438
2_trans_292.csv,738
2_trans_286.csv,621
2_trans_1924.csv,491
2_trans_2587.csv,675
2_trans_1930.csv,670
2_trans_1703.csv,601
2_trans_537.csv,969
2_trans_251.csv,1093
2_trans_1071.csv,670
2_trans_245.csv,572
2_trans_523.csv,490
2_trans_1717.csv,533
2_trans_1059.csv,826
2_trans_2550.csv,484
2_trans_2544.csv,1093
2_trans_279.csv,475
2_trans_2222.csv,1093
2_trans_278.csv,595
2_trans_2545.csv,746
2_trans_2223.csv,655
2_trans_2237.csv,716
2_trans_1058.csv,1093
2_trans_244.csv,514
2_trans_2579.csv,1093
2_trans_1070.csv,1093
2_trans_1702.csv,620
2_trans_250.csv,520
2_trans_2586.csv,1093
2_trans_1931.csv,817
2_trans_287.csv,1093
2_trans_1528.csv,877
2_trans_2021.csv,830
2_trans_2747.csv,560
2_trans_2753.csv,487
2_trans_2035.csv,525
2_trans_720.csv,759
2_trans_1514.csv,563
2_trans_1272.csv,1093
2_trans_1266.csv,608
2_trans_1500.csv,642
2_trans_734.csv,556
2_trans_2009.csv,1093
2_trans_2784.csv,1093
2_trans_2948.csv,1093
2_trans_2790.csv,467
2_trans_2960.csv,1093
2_trans_2974.csv,692
2_trans_2155.csv,1093
2_trans_668.csv,1093
2_trans_2633.csv,602
2_trans_2141.csv,479
2_trans_1448.csv,853
2_trans_2169.csv,473
2_trans_654.csv,768
2_trans_1460.csv,1093
2_trans_1306.csv,724
2_trans_126.csv,497
2_trans_1312.csv,595
2_trans_1474.csv,870
2_trans_898.csv,591
2_trans_640.csv,425
2_trans_2196.csv,1093
2_trans_19.csv,557
2_trans_2828.csv,1093
2_trans_867.csv,704
2_trans_2182.csv,581
2_trans_25.csv,526
2_trans_697.csv,504
2_trans_2814.csv,1093
2_trans_2800.csv,1093
2_trans_31.csv,510
2_trans_1138.csv,701
2_trans_2431.csv,846
2_trans_1886.csv,1093
2_trans_1892.csv,836
2_trans_2425.csv,1093
2_trans_330.csv,484
2_trans_1104.csv,483
2_trans_1662.csv,1093
2_trans_456.csv,486
2_trans_442.csv,510
2_trans_1676.csv,537
2_trans_1110.csv,1093
2_trans_2419.csv,1093
2_trans_1845.csv,515
2_trans_2380.csv,1093
2_trans_1879.csv,519
2_trans_481.csv,1093
2_trans_2384.csv,591
2_trans_2390.csv,793
2_trans_1869.csv,1093
2_trans_2421.csv,1093
2_trans_2347.csv,1093
2_trans_2353.csv,767
2_trans_308.csv,854
2_trans_1114.csv,672
2_trans_452.csv,458
2_trans_1666.csv,827
2_trans_2409.csv,1093
2_trans_863.csv,827
2_trans_2186.csv,800
2_trans_2838.csv,1093
2_trans_2192.csv,1093
2_trans_35.csv,1058
2_trans_687.csv,453
2_trans_2810.csv,1093
2_trans_21.csv,738
2_trans_678.csv,519
2_trans_2145.csv,430
2_trans_2623.csv,503
2_trans_2637.csv,594
2_trans_2151.csv,569
2_trans_644.csv,576
2_trans_1316.csv,512
2_trans_122.csv,515
2_trans_1302.csv,542
2_trans_1464.csv,621
2_trans_650.csv,878
2_trans_917.csv,1093
2_trans_2794.csv,1093
2_trans_2780.csv,598
2_trans_2958.csv,1093
2_trans_1289.csv,481
2_trans_903.csv,709
2_trans_2970.csv,1093
2_trans_2964.csv,930
2_trans_2031.csv,1093
2_trans_8.csv,938
2_trans_2025.csv,558
2_trans_718.csv,1093
2_trans_1504.csv,579
2_trans_1262.csv,589
2_trans_1276.csv,586
2_trans_1510.csv,1093
2_trans_724.csv,1093
2_trans_2596.csv,524
2_trans_1935.csv,534
2_trans_297.csv,647
2_trans_1909.csv,1093
2_trans_283.csv,1093
2_trans_2555.csv,1093
2_trans_268.csv,540
2_trans_2227.csv,525
2_trans_2541.csv,910
2_trans_2569.csv,570
2_trans_254.csv,1093
2_trans_1060.csv,513
2_trans_532.csv,1093
2_trans_526.csv,468
2_trans_1712.csv,693
2_trans_240.csv,1087
2_trans_1713.csv,597
2_trans_1075.csv,483
2_trans_2568.csv,719
2_trans_1707.csv,759
2_trans_2554.csv,635
2_trans_1908.csv,1093
2_trans_282.csv,1093
2_trans_296.csv,832
2_trans_2583.csv,483
2_trans_2597.csv,600
2_trans_1920.csv,408
2_trans_1277.csv,672
2_trans_725.csv,515
2_trans_1511.csv,654
2_trans_1505.csv,788
2_trans_1263.csv,780
2_trans_2742.csv,778
2_trans_2024.csv,518
2_trans_2971.csv,1093
2_trans_1288.csv,1093
2_trans_2959.csv,1093
2_trans_2781.csv,498
2_trans_902.csv,632
2_trans_2795.csv,855
2_trans_1303.csv,512
2_trans_137.csv,582
2_trans_889.csv,764
2_trans_651.csv,752
2_trans_1465.csv,636
2_trans_1471.csv,1093
2_trans_2178.csv,1093
2_trans_645.csv,631
2_trans_123.csv,497
2_trans_1317.csv,1093
2_trans_2636.csv,518
2_trans_2144.csv,1093
2_trans_679.csv,1093
2_trans_2622.csv,548
2_trans_2811.csv,1093
2_trans_20.csv,528
2_trans_692.csv,1093
2_trans_686.csv,860
2_trans_34.csv,1093
2_trans_2193.csv,738
2_trans_2187.csv,1093
2_trans_862.csv,1093
2_trans_2839.csv,710
2_trans_1667.csv,1093
2_trans_453.csv,920
2_trans_2408.csv,570
2_trans_1101.csv,822
2_trans_321.csv,525
2_trans_1673.csv,729
2_trans_1883.csv,1093
2_trans_2434.csv,1093
2_trans_2420.csv,503
2_trans_1897.csv,613
2_trans_490.csv,835
2_trans_484.csv,697
2_trans_1840.csv,513
2_trans_1698.csv,494
2_trans_2391.csv,588
2_trans_2393.csv,709
2_trans_492.csv,459
2_trans_2436.csv,529
2_trans_1659.csv,1093
2_trans_2350.csv,1093
2_trans_479.csv,714
2_trans_1895.csv,615
2_trans_2422.csv,594
2_trans_1103.csv,767
2_trans_337.csv,1093
2_trans_451.csv,701
2_trans_1671.csv,733
2_trans_2378.csv,758
2_trans_445.csv,584
2_trans_1117.csv,826
2_trans_1498.csv,751
2_trans_874.csv,1093
2_trans_2191.csv,498
2_trans_860.csv,578
2_trans_848.csv,1093
2_trans_690.csv,1093
2_trans_22.csv,1093
2_trans_2813.csv,1093
2_trans_2807.csv,845
2_trans_36.csv,763
2_trans_109.csv,534
2_trans_1329.csv,1093
2_trans_653.csv,603
2_trans_135.csv,646
2_trans_1301.csv,956
2_trans_1315.csv,519
2_trans_121.csv,467
2_trans_647.csv,1093
2_trans_1473.csv,863
2_trans_2783.csv,528
2_trans_914.csv,1093
2_trans_2973.csv,1093
2_trans_928.csv,513
2_trans_2026.csv,1093
2_trans_1249.csv,610
2_trans_2998.csv,1093
2_trans_2740.csv,659
2_trans_2754.csv,523
2_trans_2032.csv,835
2_trans_727.csv,1093
2_trans_1275.csv,759
2_trans_1261.csv,510
2_trans_1507.csv,1093
2_trans_1088.csv,1093
2_trans_2581.csv,1093
2_trans_1936.csv,410
2_trans_1922.csv,1093
2_trans_280.csv,1093
2_trans_2542.csv,1093
2_trans_2224.csv,1093
2_trans_2230.csv,1093
2_trans_1739.csv,818
2_trans_525.csv,1093
2_trans_1705.csv,584
2_trans_531.csv,593
2_trans_257.csv,544
2_trans_530.csv,751
2_trans_1704.csv,580
2_trans_1062.csv,1093
2_trans_256.csv,1093
2_trans_242.csv,571
2_trans_1710.csv,518
2_trans_2219.csv,1093
2_trans_524.csv,756
2_trans_1738.csv,552
2_trans_2557.csv,739
2_trans_2543.csv,1092
2_trans_2225.csv,449
2_trans_518.csv,1093
2_trans_281.csv,844
2_trans_1923.csv,440
2_trans_2580.csv,606
2_trans_1089.csv,1093
2_trans_2769.csv,856
2_trans_732.csv,856
2_trans_726.csv,505
2_trans_1512.csv,830
2_trans_1274.csv,505
2_trans_2033.csv,775
2_trans_2741.csv,1093
2_trans_2999.csv,741
2_trans_1248.csv,1093
2_trans_2972.csv,1093
2_trans_929.csv,543
2_trans_915.csv,586
2_trans_901.csv,734
2_trans_2782.csv,553
2_trans_1314.csv,418
2_trans_1472.csv,696
2_trans_646.csv,496
2_trans_652.csv,1093
2_trans_1466.csv,1093
2_trans_1300.csv,714
2_trans_2609.csv,427
2_trans_1328.csv,1093
2_trans_2147.csv,878
2_trans_2153.csv,451
2_trans_108.csv,463
2_trans_2635.csv,582
2_trans_685.csv,1093
2_trans_37.csv,1093
2_trans_691.csv,1093
2_trans_849.csv,1093
2_trans_2812.csv,1093
2_trans_2184.csv,1093
2_trans_861.csv,927
2_trans_2190.csv,566
2_trans_875.csv,453
2_trans_1499.csv,571
2_trans_444.csv,669
2_trans_2379.csv,1093
2_trans_1670.csv,557
2_trans_322.csv,740
2_trans_336.csv,1093
2_trans_1102.csv,1093
2_trans_1664.csv,1093
2_trans_450.csv,580
2_trans_1894.csv,807
2_trans_478.csv,740
2_trans_2345.csv,1093
2_trans_2423.csv,1093
2_trans_1658.csv,1093
2_trans_1880.csv,490
2_trans_487.csv,753
2_trans_2386.csv,601
2_trans_1843.csv,645
2_trans_2392.csv,517
2_trans_392.csv,862
2_trans_1818.csv,482
2_trans_386.csv,1093
2_trans_2493.csv,1093
2_trans_1824.csv,477
2_trans_1830.csv,602
2_trans_2487.csv,869
2_trans_351.csv,1093
2_trans_1165.csv,1093
2_trans_437.csv,1093
2_trans_423.csv,600
2_trans_3000.csv,1093
2_trans_345.csv,470
2_trans_2478.csv,864
2_trans_2336.csv,527
2_trans_2322.csv,522
2_trans_379.csv,771
2_trans_44.csv,624
2_trans_184.csv,633
2_trans_2861.csv,1093
2_trans_812.csv,802
2_trans_78.csv,604
2_trans_1398.csv,1093
2_trans_2849.csv,1093
2_trans_806.csv,557
2_trans_2108.csv,882
2_trans_1401.csv,1093
2_trans_87.csv,1093
2_trans_1367.csv,1093
2_trans_153.csv,1093
2_trans_1373.csv,721
2_trans_1415.csv,484
2_trans_93.csv,408
2_trans_621.csv,1093
2_trans_609.csv,774
2_trans_2134.csv,526
2_trans_2652.csv,1093
2_trans_2646.csv,547
2_trans_2120.csv,472
2_trans_782.csv,744
2_trans_2915.csv,1093
2_trans_796.csv,516
2_trans_2083.csv,509
2_trans_972.csv,1093
2_trans_741.csv,636
2_trans_1575.csv,786
2_trans_1213.csv,555
2_trans_1207.csv,799
2_trans_1561.csv,801
2_trans_2068.csv,1093
2_trans_755.csv,502
2_trans_1549.csv,683
2_trans_2040.csv,503
2_trans_2732.csv,530
2_trans_769.csv,882
2_trans_580.csv,504
2_trans_1978.csv,443
2_trans_594.csv,1093
2_trans_1950.csv,1093
2_trans_1788.csv,519
2_trans_2281.csv,581
2_trans_2295.csv,656
2_trans_225.csv,1093
2_trans_1777.csv,1093
2_trans_543.csv,449
2_trans_557.csv,1093
2_trans_1763.csv,1093
2_trans_231.csv,866
2_trans_2524.csv,632
2_trans_219.csv,577
2_trans_2242.csv,526
2_trans_1987.csv,870
2_trans_2256.csv,1093
2_trans_2530.csv,1093
2_trans_1039.csv,852
2_trans_2257.csv,1093
2_trans_1986.csv,1093
2_trans_1038.csv,795
2_trans_2531.csv,1093
2_trans_2525.csv,762
2_trans_556.csv,858
2_trans_230.csv,1093
2_trans_1010.csv,594
2_trans_224.csv,686
2_trans_2519.csv,577
2_trans_542.csv,510
2_trans_1776.csv,466
2_trans_1945.csv,1093
2_trans_2294.csv,623
2_trans_2280.csv,501
2_trans_1789.csv,1093
2_trans_595.csv,611
2_trans_1979.csv,807
2_trans_581.csv,790
2_trans_2733.csv,580
2_trans_768.csv,448
2_trans_1548.csv,1093
2_trans_2727.csv,656
2_trans_1560.csv,1093
2_trans_1574.csv,478
2_trans_1212.csv,510
2_trans_2928.csv,1093
2_trans_2096.csv,810
2_trans_2914.csv,1093
2_trans_797.csv,602
2_trans_2900.csv,1093
2_trans_2647.csv,585
2_trans_1428.csv,1093
2_trans_2653.csv,1093
2_trans_1372.csv,633
2_trans_146.csv,711
2_trans_92.csv,591
2_trans_1414.csv,675
2_trans_86.csv,1093
2_trans_1400.csv,505
2_trans_2109.csv,659
2_trans_634.csv,569
2_trans_152.csv,1093
2_trans_1366.csv,863
2_trans_2684.csv,1093
2_trans_807.csv,772
2_trans_813.csv,558
2_trans_2690.csv,767
2_trans_1399.csv,758
2_trans_2860.csv,1093
2_trans_185.csv,462
2_trans_2874.csv,1093
2_trans_191.csv,1093
2_trans_2323.csv,1093
2_trans_2451.csv,783
2_trans_2337.csv,618
2_trans_1616.csv,1093
2_trans_422.csv,632
2_trans_2479.csv,490
2_trans_1164.csv,854
2_trans_350.csv,648
2_trans_436.csv,1093
2_trans_1602.csv,1093
2_trans_1831.csv,709
2_trans_2486.csv,684
2_trans_2492.csv,512
2_trans_393.csv,1093
2_trans_1819.csv,645
2_trans_391.csv,598
2_trans_2484.csv,872
2_trans_1827.csv,1093
2_trans_2490.csv,1093
2_trans_1172.csv,1093
2_trans_1614.csv,721
2_trans_1600.csv,445
2_trans_434.csv,1093
2_trans_352.csv,720
2_trans_1166.csv,577
2_trans_2447.csv,718
2_trans_1628.csv,699
2_trans_2321.csv,482
2_trans_2335.csv,759
2_trans_408.csv,492
2_trans_2453.csv,717
2_trans_839.csv,1093
2_trans_53.csv,1093
2_trans_187.csv,739
2_trans_2862.csv,504
2_trans_193.csv,490
2_trans_2876.csv,1093
2_trans_47.csv,1093
2_trans_2686.csv,782
2_trans_2692.csv,700
2_trans_811.csv,1093
2_trans_1416.csv,575
2_trans_90.csv,1093
2_trans_622.csv,913
2_trans_1364.csv,1093
2_trans_1402.csv,1093
2_trans_84.csv,671
2_trans_2123.csv,1093
2_trans_2651.csv,362
2_trans_2889.csv,1093
2_trans_1358.csv,498
2_trans_2137.csv,511
2_trans_2916.csv,1093
2_trans_2902.csv,1093
2_trans_781.csv,605
2_trans_959.csv,786
2_trans_971.csv,1093
2_trans_2094.csv,384
2_trans_965.csv,663
2_trans_1589.csv,1093
2_trans_756.csv,1093
2_trans_1204.csv,674
2_trans_1210.csv,707
2_trans_2719.csv,692
2_trans_742.csv,540
2_trans_2057.csv,714
2_trans_1238.csv,1093
2_trans_2725.csv,728
2_trans_2043.csv,802
2_trans_597.csv,494
2_trans_583.csv,1093
2_trans_2296.csv,863
2_trans_1947.csv,543
2_trans_1953.csv,578
2_trans_2282.csv,1093
2_trans_1006.csv,1093
2_trans_554.csv,1093
2_trans_2269.csv,546
2_trans_1760.csv,908
2_trans_1774.csv,687
2_trans_540.csv,858
2_trans_226.csv,546
2_trans_1012.csv,1093
2_trans_2533.csv,827
2_trans_1984.csv,1093
2_trans_568.csv,1093
2_trans_2255.csv,497
2_trans_2241.csv,1093
2_trans_1748.csv,752
2_trans_2527.csv,1093
2_trans_1749.csv,544
2_trans_2240.csv,1093
2_trans_569.csv,508
2_trans_1985.csv,645
2_trans_541.csv,1093
2_trans_1775.csv,475
2_trans_1013.csv,813
2_trans_233.csv,475
2_trans_2268.csv,867
2_trans_555.csv,1093
2_trans_2283.csv,507
2_trans_1952.csv,485
2_trans_1946.csv,791
2_trans_2297.csv,451
2_trans_582.csv,1093
2_trans_2724.csv,871
2_trans_2042.csv,510
2_trans_2056.csv,1093
2_trans_2730.csv,550
2_trans_1239.csv,502
2_trans_2718.csv,1093
2_trans_1211.csv,800
2_trans_1577.csv,715
2_trans_743.csv,564
2_trans_1563.csv,925
2_trans_2081.csv,1093
2_trans_964.csv,749
2_trans_2095.csv,579
2_trans_970.csv,617
2_trans_2903.csv,1093
2_trans_958.csv,1093
2_trans_794.csv,611
2_trans_1359.csv,543
2_trans_2888.csv,772
2_trans_2122.csv,616
2_trans_2644.csv,1093
2_trans_151.csv,1093
2_trans_1365.csv,1093
2_trans_85.csv,458
2_trans_637.csv,585
2_trans_623.csv,535
2_trans_1417.csv,771
2_trans_1371.csv,869
2_trans_2678.csv,1093
2_trans_810.csv,802
2_trans_2877.csv,1093
2_trans_46.csv,1093
2_trans_52.csv,1083
2_trans_838.csv,1093
2_trans_2863.csv,1093
2_trans_186.csv,773
2_trans_409.csv,1093
2_trans_2334.csv,827
2_trans_2452.csv,1093
2_trans_2446.csv,1093
2_trans_2320.csv,592
2_trans_1629.csv,1093
2_trans_1601.csv,1093
2_trans_1167.csv,764
2_trans_1173.csv,490
2_trans_1615.csv,1093
2_trans_421.csv,1093
2_trans_1198.csv,878
2_trans_2491.csv,1093
2_trans_2485.csv,707
2_trans_390.csv,606
2_trans_384.csv,567
2_trans_1836.csv,1093
2_trans_1188.csv,580
2_trans_2495.csv,833
2_trans_1822.csv,830
2_trans_380.csv,545
2_trans_2324.csv,705
2_trans_419.csv,1093
2_trans_2456.csv,599
2_trans_2330.csv,524
2_trans_1639.csv,711
2_trans_425.csv,1093
2_trans_1611.csv,661
2_trans_1177.csv,1093
2_trans_343.csv,877
2_trans_1605.csv,810
2_trans_431.csv,520
2_trans_2683.csv,683
2_trans_800.csv,756
2_trans_814.csv,1093
2_trans_2697.csv,1093
2_trans_2867.csv,719
2_trans_56.csv,848
2_trans_42.csv,840
2_trans_828.csv,1093
2_trans_2873.csv,1093
2_trans_1349.csv,1093
2_trans_2898.csv,1093
2_trans_2132.csv,603
2_trans_2654.csv,535
2_trans_169.csv,743
2_trans_1375.csv,573
2_trans_1413.csv,923
2_trans_95.csv,551
2_trans_627.csv,774
2_trans_633.csv,581
2_trans_1361.csv,1093
2_trans_2668.csv,676
2_trans_1598.csv,1093
2_trans_960.csv,1055
2_trans_790.csv,1093
2_trans_2907.csv,1093
2_trans_2052.csv,775
2_trans_2046.csv,466
2_trans_2720.csv,581
2_trans_1229.csv,738
2_trans_1201.csv,673
2_trans_1567.csv,851
2_trans_753.csv,1093
2_trans_747.csv,624
2_trans_1573.csv,1093
2_trans_1942.csv,1093
2_trans_2287.csv,608
2_trans_592.csv,1093
2_trans_1759.csv,622
2_trans_1981.csv,1093
2_trans_2250.csv,1093
2_trans_2536.csv,1093
2_trans_579.csv,536
2_trans_2244.csv,577
2_trans_551.csv,519
2_trans_1765.csv,1093
2_trans_237.csv,421
2_trans_223.csv,647
2_trans_1017.csv,730
2_trans_545.csv,517
2_trans_1016.csv,794
2_trans_222.csv,1093
2_trans_2279.csv,1093
2_trans_544.csv,612
2_trans_1770.csv,567
2_trans_1764.csv,1093
2_trans_236.csv,612
2_trans_1002.csv,487
2_trans_2523.csv,1093
2_trans_2245.csv,536
2_trans_587.csv,933
2_trans_2286.csv,1093
2_trans_1957.csv,1093
2_trans_1943.csv,1093
2_trans_2292.csv,1093
2_trans_1572.csv,737
2_trans_746.csv,540
2_trans_1214.csv,1093
2_trans_1200.csv,761
2_trans_2709.csv,1093
2_trans_1566.csv,1093
2_trans_2047.csv,790
2_trans_1228.csv,462
2_trans_2721.csv,607
2_trans_2735.csv,620
2_trans_2906.csv,1093
2_trans_949.csv,584
2_trans_791.csv,538
2_trans_961.csv,491
2_trans_975.csv,1093
2_trans_2090.csv,717
2_trans_1599.csv,510
2_trans_80.csv,815
2_trans_632.csv,1093
2_trans_2669.csv,886
2_trans_1360.csv,717
2_trans_1374.csv,453
2_trans_140.csv,1093
2_trans_1412.csv,1093
2_trans_168.csv,663
2_trans_2641.csv,900
2_trans_1348.csv,1093
2_trans_2127.csv,667
2_trans_2872.csv,653
2_trans_183.csv,560
2_trans_2866.csv,1093
2_trans_57.csv,542
2_trans_815.csv,1093
2_trans_2682.csv,801
2_trans_801.csv,631
2_trans_1162.csv,637
2_trans_356.csv,757
2_trans_430.csv,1093
2_trans_1610.csv,1030
2_trans_1176.csv,502
2_trans_2457.csv,600
2_trans_1638.csv,1093
2_trans_2331.csv,546
2_trans_2325.csv,1093
2_trans_2443.csv,572
2_trans_395.csv,1093
2_trans_381.csv,594
2_trans_2494.csv,754
2_trans_1837.csv,1093
2_trans_2496.csv,769
2_trans_1835.csv,1093
2_trans_383.csv,538
2_trans_1809.csv,785
2_trans_2333.csv,619
2_trans_368.csv,1093
2_trans_2441.csv,539
2_trans_1148.csv,636
2_trans_2327.csv,1093
2_trans_1606.csv,549
2_trans_432.csv,1093
2_trans_354.csv,509
2_trans_2469.csv,1093
2_trans_1174.csv,851
2_trans_340.csv,1093
2_trans_1612.csv,501
2_trans_2694.csv,752
2_trans_817.csv,1093
2_trans_2858.csv,1093
2_trans_1389.csv,902
2_trans_41.csv,795
2_trans_55.csv,528
2_trans_2864.csv,1093
2_trans_181.csv,518
2_trans_2657.csv,875
2_trans_1438.csv,1093
2_trans_2131.csv,762
2_trans_618.csv,544
2_trans_2643.csv,490
2_trans_630.csv,1093
2_trans_1404.csv,757
2_trans_1410.csv,737
2_trans_96.csv,755
2_trans_624.csv,499
2_trans_2119.csv,801
2_trans_142.csv,1093
2_trans_2938.csv,1093
2_trans_2086.csv,1093
2_trans_963.csv,1093
2_trans_2092.csv,551
2_trans_2904.csv,1093
2_trans_793.csv,532
2_trans_2910.csv,783
2_trans_2723.csv,679
2_trans_2045.csv,1093
2_trans_778.csv,1093
2_trans_2051.csv,564
2_trans_1558.csv,485
2_trans_2737.csv,781
2_trans_2079.csv,553
2_trans_744.csv,528
2_trans_1570.csv,1093
2_trans_988.csv,1093
2_trans_1202.csv,840
2_trans_1955.csv,749
2_trans_2284.csv,526
2_trans_1941.csv,454
2_trans_585.csv,1093
2_trans_1969.csv,1093
2_trans_2247.csv,684
2_trans_1996.csv,609
2_trans_1028.csv,1093
2_trans_2521.csv,666
2_trans_2535.csv,1093
2_trans_208.csv,760
2_trans_1982.csv,704
2_trans_2253.csv,565
2_trans_1772.csv,646
2_trans_546.csv,609
2_trans_220.csv,1093
2_trans_1000.csv,520
2_trans_2509.csv,1093
2_trans_234.csv,1093
2_trans_552.csv,529
2_trans_1766.csv,1093
2_trans_235.csv,821
2_trans_2508.csv,1093
2_trans_1001.csv,583
2_trans_553.csv,413
2_trans_1015.csv,720
2_trans_2534.csv,641
2_trans_2252.csv,504
2_trans_1983.csv,1093
2_trans_2246.csv,773
2_trans_2520.csv,644
2_trans_1029.csv,747
2_trans_1968.csv,511
2_trans_584.csv,609
2_trans_1798.csv,669
2_trans_1940.csv,1093
2_trans_2291.csv,759
2_trans_2285.csv,791
2_trans_751.csv,521
2_trans_989.csv,1093
2_trans_1203.csv,810
2_trans_1571.csv,1093
2_trans_1559.csv,736
2_trans_2050.csv,1093
2_trans_2736.csv,808
2_trans_2722.csv,749
2_trans_779.csv,565
2_trans_2044.csv,1093
2_trans_792.csv,580
2_trans_976.csv,846
2_trans_2093.csv,450
2_trans_2939.csv,1093
2_trans_962.csv,502
2_trans_2087.csv,1093
2_trans_2118.csv,1093
2_trans_1411.csv,646
2_trans_1377.csv,1093
2_trans_157.csv,431
2_trans_1363.csv,866
2_trans_83.csv,1093
2_trans_1405.csv,748
2_trans_631.csv,1093
2_trans_2124.csv,536
2_trans_619.csv,536
2_trans_2656.csv,1093
2_trans_2130.csv,513
2_trans_1439.csv,1093
2_trans_54.csv,1093
2_trans_2865.csv,1093
2_trans_194.csv,1093
2_trans_40.csv,506
2_trans_802.csv,447
2_trans_68.csv,580
2_trans_1388.csv,479
2_trans_2859.csv,1093
2_trans_2695.csv,808
2_trans_816.csv,630
2_trans_341.csv,692
2_trans_1175.csv,1093
2_trans_433.csv,854
2_trans_1607.csv,576
2_trans_1161.csv,781
2_trans_355.csv,437
2_trans_1149.csv,560
2_trans_2440.csv,1093
2_trans_2326.csv,1093
2_trans_369.csv,652
2_trans_1808.csv,743
2_trans_2497.csv,812
2_trans_1187.csv,1051
2_trans_1839.csv,442
2_trans_1193.csv,499
2_trans_1805.csv,1093
2_trans_1144.csv,758
2_trans_416.csv,765
2_trans_1622.csv,1093
2_trans_402.csv,732
2_trans_364.csv,482
2_trans_2459.csv,1093
2_trans_1150.csv,526
2_trans_2471.csv,494
2_trans_2317.csv,548
2_trans_2303.csv,1093
2_trans_358.csv,1093
2_trans_2465.csv,1093
2_trans_65.csv,761
2_trans_1385.csv,820
2_trans_2854.csv,552
2_trans_2840.csv,1093
2_trans_827.csv,451
2_trans_1420.csv,1093
2_trans_614.csv,812
2_trans_2129.csv,477
2_trans_2897.csv,1093
2_trans_1346.csv,1093
2_trans_1352.csv,728
2_trans_166.csv,843
2_trans_2883.csv,1093
2_trans_600.csv,603
2_trans_1434.csv,572
2_trans_2673.csv,1093
2_trans_2667.csv,1093
2_trans_1408.csv,1093
2_trans_1597.csv,547
2_trans_2920.csv,1093
2_trans_1583.csv,823
2_trans_947.csv,490
2_trans_2908.csv,784
2_trans_953.csv,681
2_trans_760.csv,502
2_trans_1232.csv,1093
2_trans_774.csv,1093
2_trans_1540.csv,692
2_trans_984.csv,1093
2_trans_2707.csv,468
2_trans_2713.csv,448
2_trans_2075.csv,468
2_trans_748.csv,680
2_trans_1795.csv,595
2_trans_2288.csv,1093
2_trans_1781.csv,445
2_trans_1971.csv,895
2_trans_1965.csv,583
2_trans_589.csv,1093
2_trans_1030.csv,1093
2_trans_2539.csv,646
2_trans_1756.csv,570
2_trans_1742.csv,598
2_trans_210.csv,494
2_trans_2505.csv,1093
2_trans_238.csv,1093
2_trans_2263.csv,493
2_trans_2277.csv,892
2_trans_1018.csv,518
2_trans_1019.csv,1093
2_trans_239.csv,494
2_trans_2504.csv,425
2_trans_2262.csv,550
2_trans_577.csv,1093
2_trans_2538.csv,519
2_trans_1031.csv,516
2_trans_1970.csv,470
2_trans_1780.csv,634
2_trans_1958.csv,504
2_trans_2289.csv,792
2_trans_1794.csv,472
2_trans_2712.csv,870
2_trans_1569.csv,443
2_trans_2706.csv,1093
2_trans_1227.csv,580
2_trans_1541.csv,1093
2_trans_775.csv,1093
2_trans_2048.csv,1093
2_trans_761.csv,704
2_trans_1233.csv,780
2_trans_952.csv,530
2_trans_946.csv,744
2_trans_1596.csv,859
2_trans_2666.csv,557
2_trans_2100.csv,1093
2_trans_1409.csv,563
2_trans_2114.csv,1093
2_trans_2882.csv,1093
2_trans_601.csv,828
2_trans_2128.csv,1093
2_trans_615.csv,821
2_trans_1421.csv,504
2_trans_1347.csv,521
2_trans_173.csv,567
2_trans_198.csv,1093
2_trans_826.csv,1093
2_trans_832.csv,514
2_trans_58.csv,638
2_trans_2869.csv,584
2_trans_1390.csv,789
2_trans_2699.csv,509
2_trans_2841.csv,1093
2_trans_64.csv,800
2_trans_2855.csv,1093
2_trans_1384.csv,847
2_trans_2302.csv,1093
2_trans_1179.csv,510
2_trans_2470.csv,617
2_trans_2316.csv,1093
2_trans_403.csv,482
2_trans_1151.csv,1093
2_trans_2458.csv,1093
2_trans_365.csv,754
2_trans_1804.csv,483
2_trans_1190.csv,1093
2_trans_2499.csv,659
2_trans_1184.csv,611
2_trans_398.csv,599
2_trans_1812.csv,490
2_trans_1806.csv,1093
2_trans_367.csv,1093
2_trans_1153.csv,1093
2_trans_1635.csv,795
2_trans_401.csv,1093
2_trans_1621.csv,764
2_trans_1147.csv,791
2_trans_373.csv,516
2_trans_2466.csv,465
2_trans_2300.csv,398
2_trans_1609.csv,537
2_trans_2314.csv,727
2_trans_429.csv,518
2_trans_2472.csv,832
2_trans_72.csv,505
2_trans_818.csv,1093
2_trans_2843.csv,1093
2_trans_1392.csv,1093
2_trans_2857.csv,1093
2_trans_824.csv,611
2_trans_1437.csv,661
2_trans_1351.csv,651
2_trans_2658.csv,728
2_trans_165.csv,1093
2_trans_2880.csv,1093
2_trans_171.csv,540
2_trans_2894.csv,1093
2_trans_1345.csv,1093
2_trans_2664.csv,586
2_trans_1379.csv,513
2_trans_2670.csv,490
2_trans_99.csv,1093
2_trans_2089.csv,1093
2_trans_2937.csv,554
2_trans_2923.csv,1093
2_trans_978.csv,929
2_trans_950.csv,1093
2_trans_944.csv,711
2_trans_1543.csv,484
2_trans_2738.csv,750
2_trans_1557.csv,1093
2_trans_763.csv,813
2_trans_993.csv,1093
2_trans_2076.csv,583
2_trans_2710.csv,657
2_trans_1219.csv,745
2_trans_2704.csv,545
2_trans_1782.csv,784
2_trans_1796.csv,1093
2_trans_1966.csv,535
2_trans_1972.csv,704
2_trans_213.csv,774
2_trans_1741.csv,388
2_trans_1999.csv,434
2_trans_575.csv,611
2_trans_2248.csv,928
2_trans_561.csv,1093
2_trans_1755.csv,754
2_trans_207.csv,1093
2_trans_549.csv,1093
2_trans_2274.csv,549
2_trans_1769.csv,528
2_trans_2260.csv,492
2_trans_2261.csv,1093
2_trans_2507.csv,667
2_trans_2275.csv,549
2_trans_548.csv,506
2_trans_206.csv,596
2_trans_1032.csv,516
2_trans_1026.csv,508
2_trans_212.csv,761
2_trans_2249.csv,666
2_trans_574.csv,1093
2_trans_1998.csv,1093
2_trans_1973.csv,885
2_trans_1967.csv,774
2_trans_2705.csv,808
2_trans_2063.csv,529
2_trans_992.csv,819
2_trans_1218.csv,636
2_trans_2711.csv,552
2_trans_1230.csv,780
2_trans_2739.csv,463
2_trans_762.csv,1093
2_trans_1556.csv,482
2_trans_1542.csv,574
2_trans_776.csv,1093
2_trans_1224.csv,628
2_trans_951.csv,493
2_trans_789.csv,636
2_trans_1595.csv,533
2_trans_979.csv,515
2_trans_2088.csv,850
2_trans_1581.csv,1093
2_trans_2936.csv,1093
2_trans_98.csv,1093
2_trans_2103.csv,568
2_trans_2665.csv,591
2_trans_1344.csv,507
2_trans_2895.csv,1093
2_trans_616.csv,847
2_trans_1422.csv,518
2_trans_1436.csv,1093
2_trans_602.csv,1093
2_trans_2881.csv,1093
2_trans_164.csv,1093
2_trans_1350.csv,665
2_trans_831.csv,523
2_trans_2856.csv,1093
2_trans_1387.csv,769
2_trans_67.csv,493
2_trans_1393.csv,1093
2_trans_2842.csv,1093
2_trans_2473.csv,898
2_trans_2467.csv,697
2_trans_1608.csv,511
2_trans_2301.csv,561
2_trans_1620.csv,633
2_trans_2329.csv,589
2_trans_372.csv,1093
2_trans_1146.csv,515
2_trans_1152.csv,830
2_trans_366.csv,572
2_trans_400.csv,498
2_trans_399.csv,647
2_trans_1813.csv,1093
2_trans_1185.csv,886
2_trans_2498.csv,1093
2_trans_1817.csv,726
2_trans_389.csv,1093
2_trans_2305.csv,791
2_trans_438.csv,980
2_trans_2477.csv,548
2_trans_2311.csv,599
2_trans_1630.csv,1093
2_trans_2339.csv,530
2_trans_362.csv,477
2_trans_1156.csv,907
2_trans_1142.csv,464
2_trans_376.csv,584
2_trans_410.csv,639
2_trans_1624.csv,747
2_trans_835.csv,658
2_trans_2846.csv,538
2_trans_77.csv,774
2_trans_809.csv,1093
2_trans_1383.csv,547
2_trans_2852.csv,633
2_trans_2661.csv,1093
2_trans_2107.csv,881
2_trans_2113.csv,789
2_trans_2675.csv,507
2_trans_148.csv,1093
2_trans_1354.csv,1093
2_trans_2885.csv,1093
2_trans_606.csv,796
2_trans_1432.csv,1093
2_trans_1426.csv,569
2_trans_612.csv,458
2_trans_2649.csv,534
2_trans_955.csv,1093
2_trans_799.csv,696
2_trans_2932.csv,1093
2_trans_1585.csv,723
2_trans_1591.csv,791
2_trans_2926.csv,1093
2_trans_2715.csv,506
2_trans_2073.csv,760
2_trans_996.csv,698
2_trans_1208.csv,1093
2_trans_2701.csv,1093
2_trans_1220.csv,1093
2_trans_2729.csv,450
2_trans_1552.csv,498
2_trans_766.csv,788
2_trans_1963.csv,618
2_trans_1787.csv,565
2_trans_1793.csv,605
2_trans_2271.csv,550
2_trans_1778.csv,577
2_trans_2517.csv,1093
2_trans_2503.csv,1093
2_trans_2265.csv,896
2_trans_1744.csv,514
2_trans_570.csv,542
2_trans_1022.csv,660
2_trans_564.csv,800
2_trans_2259.csv,1093
2_trans_1750.csv,478
2_trans_1988.csv,518
2_trans_1989.csv,1093
2_trans_1751.csv,1093
2_trans_2258.csv,568
2_trans_571.csv,602
2_trans_1745.csv,1093
2_trans_1023.csv,705
2_trans_2502.csv,1093
2_trans_2264.csv,561
2_trans_559.csv,546
2_trans_1779.csv,453
2_trans_2270.csv,486
2_trans_2516.csv,1093
2_trans_1792.csv,572
2_trans_1786.csv,1093
2_trans_1976.csv,857
2_trans_1962.csv,1093
2_trans_767.csv,493
2_trans_1553.csv,839
2_trans_1221.csv,855
2_trans_1547.csv,859
2_trans_983.csv,642
2_trans_2700.csv,1093
2_trans_1209.csv,1093
2_trans_2714.csv,426
2_trans_997.csv,644
2_trans_2099.csv,548
2_trans_2933.csv,1093
2_trans_968.csv,490
2_trans_1584.csv,734
2_trans_940.csv,516
2_trans_798.csv,464
2_trans_954.csv,714
2_trans_613.csv,533
2_trans_175.csv,790
2_trans_2890.csv,1093
2_trans_2648.csv,1093
2_trans_2884.csv,695
2_trans_1433.csv,731
2_trans_607.csv,794
2_trans_2112.csv,1093
2_trans_2674.csv,1093
2_trans_1369.csv,597
2_trans_2660.csv,563
2_trans_2106.csv,1093
2_trans_62.csv,1093
2_trans_808.csv,657
2_trans_2853.csv,1093
2_trans_1382.csv,1093
2_trans_1396.csv,1093
2_trans_834.csv,1093
2_trans_820.csv,505
2_trans_377.csv,1093
2_trans_1625.csv,1093
2_trans_411.csv,1093
2_trans_405.csv,693
2_trans_1157.csv,1093
2_trans_363.csv,790
2_trans_2476.csv,1093
2_trans_439.csv,619
2_trans_2462.csv,1000
2_trans_1194.csv,525
2_trans_1802.csv,1093
2_trans_1800.csv,654
2_trans_1814.csv,551
2_trans_1196.csv,491
2_trans_1828.csv,833
2_trans_2312.csv,1093
2_trans_349.csv,732
2_trans_2474.csv,495
2_trans_1169.csv,408
2_trans_2460.csv,668
2_trans_413.csv,666
2_trans_1627.csv,538
2_trans_1141.csv,1093
2_trans_375.csv,494
2_trans_2448.csv,1068
2_trans_1633.csv,517
2_trans_836.csv,764
2_trans_822.csv,1093
2_trans_48.csv,580
2_trans_1380.csv,789
2_trans_2851.csv,1093
2_trans_2689.csv,639
2_trans_60.csv,526
2_trans_74.csv,430
2_trans_2676.csv,700
2_trans_1419.csv,674
2_trans_2104.csv,554
2_trans_2662.csv,769
2_trans_2892.csv,1093
2_trans_177.csv,527
2_trans_611.csv,1093
2_trans_605.csv,1093
2_trans_2138.csv,822
2_trans_1431.csv,547
2_trans_1357.csv,675
2_trans_2886.csv,1093
2_trans_163.csv,1093
2_trans_942.csv,1093
2_trans_956.csv,477
2_trans_2925.csv,685
2_trans_1592.csv,735
2_trans_1586.csv,807
2_trans_2702.csv,534
2_trans_2064.csv,495
2_trans_759.csv,683
2_trans_2070.csv,541
2_trans_995.csv,719
2_trans_2716.csv,508
2_trans_1551.csv,682
2_trans_2058.csv,761
2_trans_771.csv,1093
2_trans_598.csv,645
2_trans_1960.csv,888
2_trans_1948.csv,1093
2_trans_1790.csv,523
2_trans_2299.csv,1093
2_trans_1784.csv,1093
2_trans_2266.csv,542
2_trans_2500.csv,477
2_trans_2514.csv,1093
2_trans_229.csv,587
2_trans_567.csv,1093
2_trans_1753.csv,614
2_trans_1035.csv,481
2_trans_201.csv,528
2_trans_215.csv,668
2_trans_1021.csv,1093
2_trans_1747.csv,1093
2_trans_1020.csv,1093
2_trans_572.csv,1093
2_trans_566.csv,670
2_trans_1034.csv,808
2_trans_228.csv,1093
2_trans_2273.csv,728
2_trans_2267.csv,755
2_trans_2501.csv,575
2_trans_2298.csv,1093
2_trans_1791.csv,489
2_trans_1961.csv,782
2_trans_1975.csv,668
2_trans_599.csv,1093
2_trans_770.csv,1093
2_trans_1236.csv,1093
2_trans_764.csv,727
2_trans_2059.csv,556
2_trans_994.csv,1093
2_trans_2703.csv,1093
2_trans_980.csv,622
2_trans_2065.csv,1093
2_trans_1587.csv,1093
2_trans_2924.csv,1093
2_trans_2918.csv,1093
2_trans_943.csv,518
2_trans_1430.csv,596
2_trans_604.csv,1093
2_trans_162.csv,1093
2_trans_1356.csv,541
2_trans_1342.csv,1093
2_trans_1424.csv,1093
2_trans_2105.csv,879
2_trans_2663.csv,756
2_trans_2677.csv,492
2_trans_2111.csv,524
2_trans_75.csv,1093
2_trans_1395.csv,1093
2_trans_2844.csv,543
2_trans_2688.csv,732
2_trans_2850.csv,511
2_trans_1381.csv,587
2_trans_61.csv,653
2_trans_49.csv,664
2_trans_823.csv,797
2_trans_2878.csv,1093
2_trans_189.csv,1093
2_trans_837.csv,570
2_trans_360.csv,516
2_trans_1626.csv,598
2_trans_412.csv,503
2_trans_2449.csv,1093
2_trans_374.csv,653
2_trans_2461.csv,1093
2_trans_1168.csv,790
2_trans_2307.csv,571
2_trans_2475.csv,1093
2_trans_348.csv,1093
2_trans_1815.csv,670
2_trans_1801.csv,600
2_trans_1682.csv,770
2_trans_1866.csv,583
2_trans_1872.csv,1093
2_trans_1899.csv,1093
2_trans_1641.csv,822
2_trans_2348.csv,1093
2_trans_475.csv,750
2_trans_313.csv,878
2_trans_1127.csv,521
2_trans_1133.csv,430
2_trans_307.csv,1093
2_trans_2374.csv,643
2_trans_449.csv,563
2_trans_2412.csv,521
2_trans_2406.csv,573
2_trans_1669.csv,591
2_trans_2360.csv,497
2_trans_2837.csv,1093
2_trans_1480.csv,1093
2_trans_2189.csv,565
2_trans_12.csv,1093
2_trans_1494.csv,1093
2_trans_2823.csv,1093
2_trans_850.csv,1093
2_trans_688.csv,558
2_trans_677.csv,515
2_trans_1443.csv,1093
2_trans_1457.csv,1093
2_trans_2638.csv,1093
2_trans_105.csv,506
2_trans_1331.csv,1093
2_trans_2610.csv,799
2_trans_1319.csv,501
2_trans_2176.csv,444
2_trans_893.csv,542
2_trans_2162.csv,1093
2_trans_887.csv,769
2_trans_139.csv,1093
2_trans_1292.csv,514
2_trans_1286.csv,1093
2_trans_2957.csv,1093
2_trans_924.csv,485
2_trans_930.csv,1093
2_trans_1251.csv,1093
2_trans_2980.csv,831
2_trans_2758.csv,717
2_trans_1537.csv,1083
2_trans_1523.csv,821
2_trans_717.csv,546
2_trans_2994.csv,1093
2_trans_7.csv,582
2_trans_2016.csv,812
2_trans_1279.csv,1093
2_trans_2770.csv,720
2_trans_1090.csv,1093
2_trans_2599.csv,575
2_trans_1084.csv,1093
2_trans_1912.csv,1093
2_trans_298.csv,502
2_trans_1906.csv,810
2_trans_1735.csv,533
2_trans_501.csv,555
2_trans_267.csv,686
2_trans_1053.csv,1093
2_trans_1047.csv,810
2_trans_273.csv,875
2_trans_515.csv,1093
2_trans_2228.csv,764
2_trans_1721.csv,1093
2_trans_2200.csv,684
2_trans_1709.csv,710
2_trans_2566.csv,765
2_trans_2572.csv,555
2_trans_529.csv,619
2_trans_2214.csv,1093
2_trans_2573.csv,598
2_trans_2215.csv,535
2_trans_2567.csv,774
2_trans_272.csv,486
2_trans_1046.csv,780
2_trans_2229.csv,939
2_trans_514.csv,710
2_trans_500.csv,1093
2_trans_1734.csv,490
2_trans_266.csv,457
2_trans_1913.csv,779
2_trans_299.csv,1093
2_trans_1085.csv,481
2_trans_2598.csv,609
2_trans_2017.csv,742
2_trans_2771.csv,423
2_trans_1278.csv,1093
2_trans_2765.csv,460
2_trans_2003.csv,1093
2_trans_716.csv,665
2_trans_1522.csv,884
2_trans_1244.csv,566
2_trans_6.csv,652
2_trans_2759.csv,1093
2_trans_2981.csv,1093
2_trans_1250.csv,549
2_trans_702.csv,900
2_trans_925.csv,785
2_trans_1287.csv,539
2_trans_1293.csv,591
2_trans_2942.csv,1093
2_trans_886.csv,421
2_trans_2605.csv,882
2_trans_1318.csv,764
2_trans_2611.csv,471
2_trans_892.csv,565
2_trans_2177.csv,981
2_trans_662.csv,773
2_trans_1456.csv,505
2_trans_1330.csv,485
2_trans_104.csv,430
2_trans_2639.csv,723
2_trans_1324.csv,840
2_trans_1442.csv,1093
2_trans_689.csv,765
2_trans_2822.csv,1093
2_trans_2836.csv,509
2_trans_2188.csv,490
2_trans_1668.csv,556
2_trans_2413.csv,1093
2_trans_1654.csv,586
2_trans_474.csv,1093
2_trans_1898.csv,1093
2_trans_1126.csv,1093
2_trans_1873.csv,837
2_trans_1867.csv,512
2_trans_1697.csv,519
2_trans_1683.csv,1093
2_trans_1695.csv,1093
2_trans_2388.csv,669
2_trans_1681.csv,863
2_trans_1859.csv,1093
2_trans_489.csv,1085
2_trans_462.csv,742
2_trans_1656.csv,1074
2_trans_1130.csv,1093
2_trans_304.csv,670
2_trans_2439.csv,768
2_trans_310.csv,488
2_trans_476.csv,1093
2_trans_2363.csv,1093
2_trans_338.csv,694
2_trans_2405.csv,857
2_trans_1118.csv,635
2_trans_2377.csv,1093
2_trans_2820.csv,1093
2_trans_11.csv,673
2_trans_1497.csv,503
2_trans_1483.csv,473
2_trans_847.csv,1093
2_trans_853.csv,815
2_trans_39.csv,1093
2_trans_2808.csv,820
2_trans_106.csv,1093
2_trans_1332.csv,1093
2_trans_674.csv,1093
2_trans_2149.csv,546
2_trans_1440.csv,590
2_trans_1326.csv,498
2_trans_112.csv,495
2_trans_2607.csv,1093
2_trans_2161.csv,1093
2_trans_884.csv,450
2_trans_1468.csv,790
2_trans_648.csv,1093
2_trans_2175.csv,562
2_trans_890.csv,1093
2_trans_2613.csv,545
2_trans_1285.csv,711
2_trans_2798.csv,781
2_trans_2940.csv,1093
2_trans_1291.csv,761
2_trans_2968.csv,906
2_trans_933.csv,1093
2_trans_927.csv,548
2_trans_2997.csv,725
2_trans_4.csv,738
2_trans_1520.csv,880
2_trans_2029.csv,509
2_trans_714.csv,740
2_trans_700.csv,1093
2_trans_1534.csv,514
2_trans_1252.csv,439
2_trans_2983.csv,1093
2_trans_2773.csv,612
2_trans_728.csv,508
2_trans_2001.csv,661
2_trans_2767.csv,1093
2_trans_1939.csv,781
2_trans_1087.csv,812
2_trans_1093.csv,646
2_trans_1905.csv,504
2_trans_1911.csv,1093
2_trans_516.csv,781
2_trans_1722.csv,597
2_trans_1044.csv,1093
2_trans_270.csv,552
2_trans_2559.csv,660
2_trans_264.csv,1093
2_trans_1736.csv,448
2_trans_502.csv,1093
2_trans_2217.csv,563
2_trans_1078.csv,1093
2_trans_2565.csv,514
2_trans_258.csv,808
2_trans_259.csv,850
2_trans_2564.csv,646
2_trans_2202.csv,1093
2_trans_2570.csv,1093
2_trans_2558.csv,786
2_trans_503.csv,1093
2_trans_1723.csv,764
2_trans_517.csv,550
2_trans_271.csv,1093
2_trans_1045.csv,456
2_trans_1910.csv,558
2_trans_1904.csv,1093
2_trans_1092.csv,1093
2_trans_1938.csv,583
2_trans_1509.csv,676
2_trans_2766.csv,1065
2_trans_701.csv,487
2_trans_1253.csv,1093
2_trans_5.csv,516
2_trans_1247.csv,834
2_trans_2996.csv,934
2_trans_715.csv,797
2_trans_2028.csv,1093
2_trans_926.csv,667
2_trans_2969.csv,1093
2_trans_932.csv,671
2_trans_1290.csv,1093
2_trans_2941.csv,1093
2_trans_2955.csv,582
2_trans_1284.csv,512
2_trans_891.csv,740
2_trans_2174.csv,1093
2_trans_649.csv,1093
2_trans_2612.csv,738
2_trans_2606.csv,1093
2_trans_1469.csv,652
2_trans_885.csv,503
2_trans_1441.csv,625
2_trans_2148.csv,501
2_trans_675.csv,623
2_trans_113.csv,825
2_trans_661.csv,1093
2_trans_852.csv,1093
2_trans_2809.csv,583
2_trans_846.csv,1093
2_trans_1482.csv,1093
2_trans_2835.csv,1093
2_trans_1496.csv,1093
2_trans_2410.csv,806
2_trans_1119.csv,506
2_trans_2376.csv,483
2_trans_2362.csv,1093
2_trans_311.csv,729
2_trans_1643.csv,1093
2_trans_2438.csv,887
2_trans_1131.csv,537
2_trans_488.csv,458
2_trans_1864.csv,525
2_trans_1870.csv,1093
2_trans_1858.csv,1093
2_trans_2389.csv,527
2_trans_1694.csv,1093
2_trans_498.csv,522
2_trans_1874.csv,494
2_trans_1860.csv,1093
2_trans_1690.csv,628
2_trans_1848.csv,1093
2_trans_2399.csv,874
2_trans_1684.csv,605
2_trans_1109.csv,1093
2_trans_2366.csv,469
2_trans_2372.csv,549
2_trans_329.csv,594
2_trans_2414.csv,1093
2_trans_1135.csv,719
2_trans_473.csv,496
2_trans_315.csv,768
2_trans_1121.csv,1082
2_trans_28.csv,625
2_trans_2819.csv,456
2_trans_14.csv,1093
2_trans_1492.csv,473
2_trans_1486.csv,1093
2_trans_659.csv,633
2_trans_881.csv,508
2_trans_2164.csv,524
2_trans_2616.csv,468
2_trans_665.csv,467
2_trans_2158.csv,482
2_trans_1323.csv,704
2_trans_117.csv,1093
2_trans_936.csv,1093
2_trans_2979.csv,1093
2_trans_1280.csv,366
2_trans_2789.csv,1093
2_trans_2951.csv,1093
2_trans_2945.csv,1093
2_trans_1294.csv,1093
2_trans_1519.csv,466
2_trans_2776.csv,545
2_trans_2762.csv,535
2_trans_739.csv,754
2_trans_1525.csv,1093
2_trans_2992.csv,1093
2_trans_1243.csv,814
2_trans_1900.csv,1093
2_trans_1914.csv,717
2_trans_1082.csv,854
2_trans_1928.csv,599
2_trans_2574.csv,1093
2_trans_249.csv,495
2_trans_1069.csv,815
2_trans_2560.csv,812
2_trans_1041.csv,815
2_trans_2548.csv,445
2_trans_275.csv,1093
2_trans_513.csv,1090
2_trans_1727.csv,1093
2_trans_507.csv,1093
2_trans_506.csv,887
2_trans_1054.csv,539
2_trans_260.csv,763
2_trans_274.csv,1093
2_trans_2549.csv,1093
2_trans_512.csv,1093
2_trans_2561.csv,670
2_trans_1068.csv,752
2_trans_1097.csv,1093
2_trans_1083.csv,549
2_trans_1901.csv,1093
2_trans_2987.csv,1093
2_trans_704.csv,390
2_trans_2039.csv,842
2_trans_710.csv,460
2_trans_1242.csv,636
2_trans_2763.csv,795
2_trans_738.csv,1093
2_trans_2011.csv,632
2_trans_2777.csv,775
2_trans_1295.csv,1093
2_trans_2944.csv,1093
2_trans_2950.csv,536
2_trans_2788.csv,1093
2_trans_2978.csv,1093
2_trans_923.csv,825
2_trans_937.csv,590
2_trans_116.csv,1093
2_trans_1322.csv,962
2_trans_1444.csv,620
2_trans_670.csv,842
2_trans_2159.csv,478
2_trans_1450.csv,545
2_trans_1336.csv,1093
2_trans_2617.csv,813
2_trans_894.csv,627
2_trans_1478.csv,734
2_trans_2165.csv,522
2_trans_880.csv,543
2_trans_658.csv,821
2_trans_2603.csv,714
2_trans_2830.csv,658
2_trans_1487.csv,616
2_trans_15.csv,1093
2_trans_2824.csv,697
2_trans_857.csv,537
2_trans_843.csv,1093
2_trans_2818.csv,1093
2_trans_1646.csv,884
2_trans_1120.csv,566
2_trans_2429.csv,851
2_trans_314.csv,652
2_trans_1652.csv,752
2_trans_466.csv,624
2_trans_328.csv,553
2_trans_1108.csv,840
2_trans_2401.csv,515
2_trans_2367.csv,481
2_trans_1849.csv,1093
2_trans_1691.csv,1093
2_trans_1861.csv,1093
2_trans_1875.csv,694
2_trans_499.csv,530
2_trans_1863.csv,648
2_trans_1877.csv,837
2_trans_2417.csv,781
2_trans_1678.csv,1093
2_trans_458.csv,642
2_trans_2403.csv,1093
2_trans_1122.csv,1093
2_trans_1644.csv,517
2_trans_1888.csv,515
2_trans_1650.csv,1093
2_trans_302.csv,884
2_trans_855.csv,493
2_trans_841.csv,612
2_trans_699.csv,1093
2_trans_869.csv,969
2_trans_2832.csv,1093
2_trans_2826.csv,1093
2_trans_896.csv,711
2_trans_2173.csv,671
2_trans_2615.csv,612
2_trans_1308.csv,589
2_trans_882.csv,744
2_trans_2167.csv,811
2_trans_672.csv,659
2_trans_2629.csv,1093
2_trans_114.csv,727
2_trans_100.csv,541
2_trans_1334.csv,746
2_trans_1452.csv,1093
2_trans_666.csv,1093
2_trans_921.csv,880
2_trans_935.csv,1093
2_trans_1297.csv,654
2_trans_2952.csv,879
2_trans_2007.csv,1093
2_trans_2761.csv,762
2_trans_1268.csv,1093
2_trans_2775.csv,1093
2_trans_2013.csv,793
2_trans_706.csv,837
2_trans_1532.csv,1093
2_trans_1254.csv,633
2_trans_2985.csv,866
2_trans_2991.csv,1093
2_trans_2.csv,633
2_trans_1240.csv,770
2_trans_1526.csv,1093
2_trans_712.csv,641
2_trans_1917.csv,597
2_trans_1903.csv,575
2_trans_289.csv,522
2_trans_2588.csv,629
2_trans_2563.csv,1093
2_trans_538.csv,1093
2_trans_2205.csv,534
2_trans_1718.csv,1093
2_trans_2211.csv,1093
2_trans_2577.csv,537
2_trans_262.csv,1093
2_trans_1730.csv,482
2_trans_1724.csv,1093
2_trans_1042.csv,596
2_trans_277.csv,865
2_trans_1043.csv,430
2_trans_1057.csv,1093
2_trans_263.csv,651
2_trans_505.csv,570
2_trans_2210.csv,683
2_trans_1719.csv,594
2_trans_2576.csv,475
2_trans_2204.csv,1093
2_trans_539.csv,562
2_trans_2589.csv,1093
2_trans_1094.csv,501
2_trans_1916.csv,728
2_trans_3.csv,1093
2_trans_1241.csv,484
2_trans_2748.csv,634
2_trans_2990.csv,426
2_trans_713.csv,482
2_trans_1533.csv,1093
2_trans_707.csv,531
2_trans_1255.csv,748
2_trans_2774.csv,785
2_trans_2012.csv,572
2_trans_2006.csv,488
2_trans_1269.csv,755
2_trans_1282.csv,715
2_trans_908.csv,636
2_trans_2947.csv,1093
2_trans_934.csv,1093
2_trans_920.csv,1093
2_trans_101.csv,1093
2_trans_667.csv,477
2_trans_1453.csv,1093
2_trans_1447.csv,589
2_trans_673.csv,472
2_trans_115.csv,505
2_trans_2600.csv,482
2_trans_1309.csv,1093
2_trans_2166.csv,548
2_trans_2614.csv,1093
2_trans_1490.csv,619
2_trans_2199.csv,614
2_trans_1484.csv,1093
2_trans_2833.csv,482
2_trans_854.csv,519
2_trans_1651.csv,716
2_trans_465.csv,1093
2_trans_303.csv,870
2_trans_1137.csv,1093
2_trans_1123.csv,1093
2_trans_471.csv,838
2_trans_1645.csv,1093
2_trans_2364.csv,597
2_trans_2402.csv,1093
2_trans_2416.csv,790
2_trans_1679.csv,1093
2_trans_2370.csv,805
2_trans_1692.csv,476
2_trans_1876.csv,550
2_trans_1862.csv,1093
